{
  "coverage_fraction": {
    "mean": 1.0,
    "p50": 1.0,
    "p95": 1.0,
    "p99": 1.0
  },
  "deadline_miss_rate": 0.0,
  "gamma": {
    "mean": 4096.0,
    "p50": 4096.0,
    "p95": 4096.0,
    "p99": 4096.0
  },
  "max_round_trip_us": {
    "mean": 1210.0,
    "p50": 1210.0,
    "p95": 1210.0,
    "p99": 1210.0
  },
  "per_device_hbm_coverage_bytes": {},
  "q_bound": {
    "mean": 754.0,
    "p50": 754.0,
    "p95": 754.0,
    "p99": 754.0
  },
  "reported_success_bound": {
    "mean": 7.244919603492465e-71,
    "p50": 7.244919603492465e-71,
    "p95": 7.244919603492465e-71,
    "p99": 7.244919603492465e-71
  },
  "result_count": 1,
  "success_rate": 1.0,
  "timings_ms": {
    "allocation": {
      "mean": 0.0,
      "p50": 0.0,
      "p95": 0.0,
      "p99": 0.0
    },
    "challenge_schedule_prep": {
      "mean": 0.0,
      "p50": 0.0,
      "p95": 0.0,
      "p99": 0.0
    },
    "cleanup": {
      "mean": 102.0,
      "p50": 102.0,
      "p95": 102.0,
      "p99": 102.0
    },
    "copy_to_hbm": {
      "mean": 0.0,
      "p50": 0.0,
      "p95": 0.0,
      "p99": 0.0
    },
    "copy_to_host": {
      "mean": 0.0,
      "p50": 0.0,
      "p95": 0.0,
      "p99": 0.0
    },
    "discover": {
      "mean": 1.0,
      "p50": 1.0,
      "p95": 1.0,
      "p99": 1.0
    },
    "expected_response_prep": {
      "mean": 15156.0,
      "p50": 15156.0,
      "p95": 15156.0,
      "p99": 15156.0
    },
    "fast_phase_total": {
      "mean": 206.0,
      "p50": 206.0,
      "p95": 206.0,
      "p99": 206.0
    },
    "graph_construction": {
      "mean": 4523.0,
      "p50": 4523.0,
      "p95": 4523.0,
      "p99": 4523.0
    },
    "label_generation": {
      "mean": 15128.0,
      "p50": 15128.0,
      "p95": 15128.0,
      "p99": 15128.0
    },
    "region_leasing": {
      "mean": 1.0,
      "p50": 1.0,
      "p95": 1.0,
      "p99": 1.0
    },
    "stage_buffer_cleanup": {
      "mean": 0.0,
      "p50": 0.0,
      "p95": 0.0,
      "p99": 0.0
    },
    "total": {
      "mean": 39652.0,
      "p50": 39652.0,
      "p95": 39652.0,
      "p99": 39652.0
    },
    "verifier_check_total": {
      "mean": 206.0,
      "p50": 206.0,
      "p95": 206.0,
      "p99": 206.0
    }
  },
  "verdict_counts": {
    "SUCCESS": 1
  },
  "verifier_cpu_time_ms": {
    "mean": 19934.0,
    "p50": 19934.0,
    "p95": 19934.0,
    "p99": 19934.0
  }
}
